dataset,frame_id,yaw_deg,n_points,finite_xyz,inside_fov,inside_fov_pct,eligible_objects,zero_baseline_objects,camera_lidar_gap_ms,seed
kitti_mini,000001,0.0,120268,120268,18630,15.490404762696643,2,0,,42
kitti_mini,000001,0.5,120268,120268,18629,15.489573286327202,2,0,,42
kitti_mini,000001,1.0,120268,120268,18630,15.490404762696643,2,0,,42
kitti_mini,000001,2.0,120268,120268,18633,15.49289919180497,2,0,,42
kitti_mini,000001,3.0,120268,120268,18635,15.494562144543853,2,0,,42
kitti_mini,000004,0.0,115976,115976,19063,16.437021452714355,2,0,,42
kitti_mini,000004,0.5,115976,115976,19053,16.428398979099125,2,0,,42
kitti_mini,000004,1.0,115976,115976,19032,16.41029178450714,2,0,,42
kitti_mini,000004,2.0,115976,115976,18975,16.361143684900323,2,0,,42
kitti_mini,000004,3.0,115976,115976,18965,16.352521211285094,2,0,,42
kitti_mini,000007,0.0,122798,122798,19423,15.817032850697894,4,0,,42
kitti_mini,000007,0.5,122798,122798,19433,15.825176305803026,4,0,,42
kitti_mini,000007,1.0,122798,122798,19388,15.788530757829932,4,0,,42
kitti_mini,000007,2.0,122798,122798,19236,15.664750240231925,4,0,,42
kitti_mini,000007,3.0,122798,122798,19268,15.690809296568348,4,0,,42
kitti_mini,000008,0.0,122555,122555,17238,14.065521602545795,6,0,,42
kitti_mini,000008,0.5,122555,122555,17281,14.10060789033495,6,0,,42
kitti_mini,000008,1.0,122555,122555,17316,14.129166496674962,6,0,,42
kitti_mini,000008,2.0,122555,122555,17384,14.184651788992698,6,0,,42
kitti_mini,000008,3.0,122555,122555,17436,14.227081718412142,6,0,,42
kitti_mini,000009,0.0,123928,123928,19411,15.663126976954361,3,0,,42
kitti_mini,000009,0.5,123928,123928,19412,15.663933897101543,3,0,,42
kitti_mini,000009,1.0,123928,123928,19395,15.650216254599444,3,0,,42
kitti_mini,000009,2.0,123928,123928,19381,15.638919372538894,3,0,,42
kitti_mini,000009,3.0,123928,123928,19381,15.638919372538894,3,0,,42
kitti_mini,000010,0.0,115875,115875,16464,14.2084142394822,9,0,,42
kitti_mini,000010,0.5,115875,115875,16412,14.16353829557713,9,0,,42
kitti_mini,000010,1.0,115875,115875,16369,14.126429341963323,9,0,,42
kitti_mini,000010,2.0,115875,115875,16299,14.066019417475728,9,0,,42
kitti_mini,000010,3.0,115875,115875,16271,14.04185544768069,9,0,,42
kitti_mini,000011,0.0,108004,108004,19946,18.467834524647234,6,0,,42
kitti_mini,000011,0.5,108004,108004,19946,18.467834524647234,6,0,,42
kitti_mini,000011,1.0,108004,108004,19952,18.473389874449094,6,0,,42
kitti_mini,000011,2.0,108004,108004,19963,18.48357468241917,6,0,,42
kitti_mini,000011,3.0,108004,108004,19948,18.46968630791452,6,0,,42
kitti_mini,000012,0.0,120007,120007,18705,15.586590782204372,1,0,,42
kitti_mini,000012,0.5,120007,120007,18688,15.57242494187839,1,0,,42
kitti_mini,000012,1.0,120007,120007,18698,15.580757789128967,1,0,,42
kitti_mini,000012,2.0,120007,120007,18699,15.581591073854025,1,0,,42
kitti_mini,000012,3.0,120007,120007,18713,15.593257060004833,1,0,,42
kitti_mini,000015,0.0,122583,122583,18334,14.956396890270266,5,0,,42
kitti_mini,000015,0.5,122583,122583,18379,14.993106711371071,5,0,,42
kitti_mini,000015,1.0,122583,122583,18441,15.043684687109959,5,0,,42
kitti_mini,000015,2.0,122583,122583,18470,15.067342127374921,5,0,,42
kitti_mini,000015,3.0,122583,122583,18540,15.12444629353173,5,0,,42
kitti_mini,000016,0.0,113070,113070,17868,15.80260015919342,4,0,,42
kitti_mini,000016,0.5,113070,113070,17872,15.806137790749094,4,0,,42
kitti_mini,000016,1.0,113070,113070,17871,15.805253382860174,4,0,,42
kitti_mini,000016,2.0,113070,113070,17883,15.815866277527196,4,0,,42
kitti_mini,000016,3.0,113070,113070,17899,15.83001680374989,4,0,,42
kitti_mini,000019,0.0,115697,115697,18792,16.242426337761568,2,0,,42
kitti_mini,000019,0.5,115697,115697,18828,16.27354209702931,2,0,,42
kitti_mini,000019,1.0,115697,115697,18859,16.300336223065422,2,0,,42
kitti_mini,000019,2.0,115697,115697,18912,16.34614553532071,2,0,,42
kitti_mini,000019,3.0,115697,115697,18936,16.366889374832535,2,0,,42
kitti_mini,000021,0.0,125260,125260,19824,15.826281334823568,7,0,,42
kitti_mini,000021,0.5,125260,125260,19818,15.821491298099952,7,0,,42
kitti_mini,000021,1.0,125260,125260,19827,15.828676353185374,7,0,,42
kitti_mini,000021,2.0,125260,125260,19841,15.839853105540476,7,0,,42
kitti_mini,000021,3.0,125260,125260,19863,15.857416573527063,7,0,,42
kitti_mini,000023,0.0,120412,120412,18587,15.436169152576156,2,0,,42
kitti_mini,000023,0.5,120412,120412,18585,15.434508188552636,2,0,,42
kitti_mini,000023,1.0,120412,120412,18583,15.432847224529116,2,0,,42
kitti_mini,000023,2.0,120412,120412,18592,15.440321562634953,2,0,,42
kitti_mini,000023,3.0,120412,120412,18594,15.441982526658473,2,0,,42
kitti_mini,000025,0.0,115780,115780,17529,15.139920538953188,6,0,,42
kitti_mini,000025,0.5,115780,115780,17534,15.144239074106062,6,0,,42
kitti_mini,000025,1.0,115780,115780,17540,15.149421316289514,6,0,,42
kitti_mini,000025,2.0,115780,115780,17541,15.15028502332009,6,0,,42
kitti_mini,000025,3.0,115780,115780,17514,15.126964933494559,6,0,,42
kitti_mini,000031,0.0,121291,121291,18896,15.579061925452011,4,0,,42
kitti_mini,000031,0.5,121291,121291,18877,15.5633971193246,4,0,,42
kitti_mini,000031,1.0,121291,121291,18837,15.530418580108995,4,0,,42
kitti_mini,000031,2.0,121291,121291,18783,15.485897552167927,4,0,,42
kitti_mini,000031,3.0,121291,121291,18731,15.443025451187639,4,0,,42
kitti_mini,000032,0.0,118661,118661,19535,16.462864799723583,6,0,,42
kitti_mini,000032,0.5,118661,118661,19547,16.472977642190777,6,0,,42
kitti_mini,000032,1.0,118661,118661,19546,16.472134905318512,6,0,,42
kitti_mini,000032,2.0,118661,118661,19548,16.473820379063046,6,0,,42
kitti_mini,000032,3.0,118661,118661,19552,16.47719132655211,6,0,,42
kitti_mini,000043,0.0,122591,122591,19655,16.032987739719882,4,0,,42
kitti_mini,000043,0.5,122591,122591,19689,16.06072223898981,4,0,,42
kitti_mini,000043,1.0,122591,122591,19713,16.080299532592115,4,0,,42
kitti_mini,000043,2.0,122591,122591,19769,16.125979884330825,4,0,,42
kitti_mini,000043,3.0,122591,122591,19811,16.160240148134854,4,0,,42
kitti_mini,000048,0.0,122675,122675,19820,16.156511106582432,4,0,,42
kitti_mini,000048,0.5,122675,122675,19841,16.173629508864888,4,0,,42
kitti_mini,000048,1.0,122675,122675,19852,16.18259629101284,4,0,,42
kitti_mini,000048,2.0,122675,122675,19883,16.207866313429793,4,0,,42
kitti_mini,000048,3.0,122675,122675,19897,16.219278581618095,4,0,,42
kitti_mini,000049,0.0,113691,113691,18093,15.914188458189303,16,0,,42
kitti_mini,000049,0.5,113691,113691,18134,15.950251119261859,16,0,,42
kitti_mini,000049,1.0,113691,113691,18174,15.985434203235085,16,0,,42
kitti_mini,000049,2.0,113691,113691,18229,16.03381094369827,16,0,,42
kitti_mini,000049,3.0,113691,113691,18231,16.03557009789693,16,0,,42
kitti_mini,000061,0.0,125247,125247,19791,15.801576085654746,3,0,,42
kitti_mini,000061,0.5,125247,125247,19813,15.81914137663976,3,0,,42
kitti_mini,000061,1.0,125247,125247,19825,15.828722444449767,3,0,,42
kitti_mini,000061,2.0,125247,125247,19866,15.861457759467292,3,0,,42
kitti_mini,000061,3.0,125247,125247,19899,15.887805695944813,3,0,,42
nuscenes_mini_subset,scene-0103_000,0.0,34752,34752,2984,8.586556169429098,14,0,-35.186,42
nuscenes_mini_subset,scene-0103_000,0.5,34752,34752,2972,8.552025782688766,14,0,-35.186,42
nuscenes_mini_subset,scene-0103_000,1.0,34752,34752,2959,8.514617863720074,14,0,-35.186,42
nuscenes_mini_subset,scene-0103_000,2.0,34752,34752,2934,8.442679558011049,14,0,-35.186,42
nuscenes_mini_subset,scene-0103_000,3.0,34752,34752,2914,8.38512891344383,14,0,-35.186,42
nuscenes_mini_subset,scene-0103_001,0.0,34688,34688,3047,8.784017527675276,19,2,-35.621,42
nuscenes_mini_subset,scene-0103_001,0.5,34688,34688,3036,8.75230627306273,19,2,-35.621,42
nuscenes_mini_subset,scene-0103_001,1.0,34688,34688,3023,8.714829335793358,19,2,-35.621,42
nuscenes_mini_subset,scene-0103_001,2.0,34688,34688,3005,8.662938191881919,19,2,-35.621,42
nuscenes_mini_subset,scene-0103_001,3.0,34688,34688,2994,8.631226937269373,19,2,-35.621,42
nuscenes_mini_subset,scene-0103_002,0.0,34752,34752,3084,8.874309392265193,19,4,-35.489,42
nuscenes_mini_subset,scene-0103_002,0.5,34752,34752,3078,8.857044198895027,19,4,-35.489,42
nuscenes_mini_subset,scene-0103_002,1.0,34752,34752,3071,8.836901473296502,19,4,-35.489,42
nuscenes_mini_subset,scene-0103_002,2.0,34752,34752,3050,8.776473296500921,19,4,-35.489,42
nuscenes_mini_subset,scene-0103_002,3.0,34752,34752,3033,8.727555248618785,19,4,-35.489,42
nuscenes_mini_subset,scene-0103_003,0.0,34720,34720,3100,8.928571428571429,20,3,-35.365,42
nuscenes_mini_subset,scene-0103_003,0.5,34720,34720,3100,8.928571428571429,20,3,-35.365,42
nuscenes_mini_subset,scene-0103_003,1.0,34720,34720,3104,8.940092165898617,20,3,-35.365,42
nuscenes_mini_subset,scene-0103_003,2.0,34720,34720,3102,8.934331797235023,20,3,-35.365,42
nuscenes_mini_subset,scene-0103_003,3.0,34720,34720,3089,8.896889400921658,20,3,-35.365,42
nuscenes_mini_subset,scene-0103_004,0.0,34784,34784,3062,8.802897884084636,21,5,-35.788,42
nuscenes_mini_subset,scene-0103_004,0.5,34784,34784,3052,8.774149034038638,21,5,-35.788,42
nuscenes_mini_subset,scene-0103_004,1.0,34784,34784,3056,8.785648574057038,21,5,-35.788,42
nuscenes_mini_subset,scene-0103_004,2.0,34784,34784,3065,8.811522539098435,21,5,-35.788,42
nuscenes_mini_subset,scene-0103_004,3.0,34784,34784,3073,8.834521619135234,21,5,-35.788,42
nuscenes_mini_subset,scene-0103_005,0.0,34720,34720,3083,8.879608294930875,18,5,-36.226,42
nuscenes_mini_subset,scene-0103_005,0.5,34720,34720,3089,8.896889400921658,18,5,-36.226,42
nuscenes_mini_subset,scene-0103_005,1.0,34720,34720,3087,8.891129032258064,18,5,-36.226,42
nuscenes_mini_subset,scene-0103_005,2.0,34720,34720,3109,8.954493087557603,18,5,-36.226,42
nuscenes_mini_subset,scene-0103_005,3.0,34720,34720,3122,8.991935483870968,18,5,-36.226,42
nuscenes_mini_subset,scene-0103_006,0.0,34688,34688,3180,9.167435424354244,14,3,-36.662,42
nuscenes_mini_subset,scene-0103_006,0.5,34688,34688,3183,9.176083948339484,14,3,-36.662,42
nuscenes_mini_subset,scene-0103_006,1.0,34688,34688,3183,9.176083948339484,14,3,-36.662,42
nuscenes_mini_subset,scene-0103_006,2.0,34688,34688,3183,9.176083948339484,14,3,-36.662,42
nuscenes_mini_subset,scene-0103_006,3.0,34688,34688,3183,9.176083948339484,14,3,-36.662,42
nuscenes_mini_subset,scene-0103_007,0.0,34688,34688,3143,9.060770295202952,14,3,-36.529,42
nuscenes_mini_subset,scene-0103_007,0.5,34688,34688,3141,9.055004612546126,14,3,-36.529,42
nuscenes_mini_subset,scene-0103_007,1.0,34688,34688,3140,9.052121771217712,14,3,-36.529,42
nuscenes_mini_subset,scene-0103_007,2.0,34688,34688,3139,9.049238929889299,14,3,-36.529,42
nuscenes_mini_subset,scene-0103_007,3.0,34688,34688,3139,9.049238929889299,14,3,-36.529,42
nuscenes_mini_subset,scene-0103_008,0.0,34720,34720,2968,8.548387096774194,14,3,-36.42,42
nuscenes_mini_subset,scene-0103_008,0.5,34720,34720,2970,8.554147465437788,14,3,-36.42,42
nuscenes_mini_subset,scene-0103_008,1.0,34720,34720,2972,8.559907834101383,14,3,-36.42,42
nuscenes_mini_subset,scene-0103_008,2.0,34720,34720,2978,8.577188940092165,14,3,-36.42,42
nuscenes_mini_subset,scene-0103_008,3.0,34720,34720,2981,8.585829493087557,14,3,-36.42,42
nuscenes_mini_subset,scene-0103_009,0.0,34720,34720,3044,8.767281105990783,14,1,-35.747,42
nuscenes_mini_subset,scene-0103_009,0.5,34720,34720,3040,8.755760368663594,14,1,-35.747,42
nuscenes_mini_subset,scene-0103_009,1.0,34720,34720,3045,8.77016129032258,14,1,-35.747,42
nuscenes_mini_subset,scene-0103_009,2.0,34720,34720,3033,8.735599078341014,14,1,-35.747,42
nuscenes_mini_subset,scene-0103_009,3.0,34720,34720,3034,8.738479262672811,14,1,-35.747,42
nuscenes_mini_subset,scene-0103_010,0.0,34720,34720,3120,8.986175115207374,12,4,-35.616,42
nuscenes_mini_subset,scene-0103_010,0.5,34720,34720,3126,9.003456221198157,12,4,-35.616,42
nuscenes_mini_subset,scene-0103_010,1.0,34720,34720,3125,9.00057603686636,12,4,-35.616,42
nuscenes_mini_subset,scene-0103_010,2.0,34720,34720,3126,9.003456221198157,12,4,-35.616,42
nuscenes_mini_subset,scene-0103_010,3.0,34720,34720,3133,9.023617511520737,12,4,-35.616,42
nuscenes_mini_subset,scene-0103_011,0.0,34688,34688,3097,8.928159594095941,11,0,-35.486,42
nuscenes_mini_subset,scene-0103_011,0.5,34688,34688,3098,8.931042435424354,11,0,-35.486,42
nuscenes_mini_subset,scene-0103_011,1.0,34688,34688,3099,8.933925276752767,11,0,-35.486,42
nuscenes_mini_subset,scene-0103_011,2.0,34688,34688,3103,8.945456642066421,11,0,-35.486,42
nuscenes_mini_subset,scene-0103_011,3.0,34688,34688,3103,8.945456642066421,11,0,-35.486,42
nuscenes_mini_subset,scene-0103_012,0.0,34688,34688,3023,8.714829335793358,11,1,-35.362,42
nuscenes_mini_subset,scene-0103_012,0.5,34688,34688,3016,8.694649446494465,11,1,-35.362,42
nuscenes_mini_subset,scene-0103_012,1.0,34688,34688,3020,8.706180811808117,11,1,-35.362,42
nuscenes_mini_subset,scene-0103_012,2.0,34688,34688,3017,8.697532287822877,11,1,-35.362,42
nuscenes_mini_subset,scene-0103_012,3.0,34688,34688,3013,8.686000922509225,11,1,-35.362,42
nuscenes_mini_subset,scene-0103_013,0.0,34688,34688,3024,8.717712177121772,13,1,-34.621,42
nuscenes_mini_subset,scene-0103_013,0.5,34688,34688,3018,8.700415129151292,13,1,-34.621,42
nuscenes_mini_subset,scene-0103_013,1.0,34688,34688,3014,8.688883763837639,13,1,-34.621,42
nuscenes_mini_subset,scene-0103_013,2.0,34688,34688,3014,8.688883763837639,13,1,-34.621,42
nuscenes_mini_subset,scene-0103_013,3.0,34688,34688,3009,8.674469557195572,13,1,-34.621,42
nuscenes_mini_subset,scene-0103_014,0.0,34720,34720,3013,8.67799539170507,15,3,-34.495,42
nuscenes_mini_subset,scene-0103_014,0.5,34720,34720,3012,8.675115207373272,15,3,-34.495,42
nuscenes_mini_subset,scene-0103_014,1.0,34720,34720,3006,8.65783410138249,15,3,-34.495,42
nuscenes_mini_subset,scene-0103_014,2.0,34720,34720,2995,8.626152073732719,15,3,-34.495,42
nuscenes_mini_subset,scene-0103_014,3.0,34720,34720,2998,8.63479262672811,15,3,-34.495,42
nuscenes_mini_subset,scene-0103_015,0.0,34688,34688,2935,8.46113929889299,15,4,-34.381,42
nuscenes_mini_subset,scene-0103_015,0.5,34688,34688,2941,8.478436346863468,15,4,-34.381,42
nuscenes_mini_subset,scene-0103_015,1.0,34688,34688,2943,8.484202029520295,15,4,-34.381,42
nuscenes_mini_subset,scene-0103_015,2.0,34688,34688,2943,8.484202029520295,15,4,-34.381,42
nuscenes_mini_subset,scene-0103_015,3.0,34688,34688,2940,8.475553505535055,15,4,-34.381,42
nuscenes_mini_subset,scene-0103_016,0.0,34720,34720,2951,8.49942396313364,14,5,-34.232,42
nuscenes_mini_subset,scene-0103_016,0.5,34720,34720,2942,8.473502304147466,14,5,-34.232,42
nuscenes_mini_subset,scene-0103_016,1.0,34720,34720,2940,8.46774193548387,14,5,-34.232,42
nuscenes_mini_subset,scene-0103_016,2.0,34720,34720,2938,8.461981566820276,14,5,-34.232,42
nuscenes_mini_subset,scene-0103_016,3.0,34720,34720,2935,8.453341013824884,14,5,-34.232,42
nuscenes_mini_subset,scene-0103_017,0.0,34720,34720,2940,8.46774193548387,19,8,-34.33,42
nuscenes_mini_subset,scene-0103_017,0.5,34720,34720,2946,8.485023041474655,19,8,-34.33,42
nuscenes_mini_subset,scene-0103_017,1.0,34720,34720,2928,8.433179723502304,19,8,-34.33,42
nuscenes_mini_subset,scene-0103_017,2.0,34720,34720,2904,8.36405529953917,19,8,-34.33,42
nuscenes_mini_subset,scene-0103_017,3.0,34720,34720,2902,8.358294930875577,19,8,-34.33,42
nuscenes_mini_subset,scene-0103_018,0.0,34784,34784,2938,8.446412143514259,20,10,-34.775,42
nuscenes_mini_subset,scene-0103_018,0.5,34784,34784,2925,8.409038638454462,20,10,-34.775,42
nuscenes_mini_subset,scene-0103_018,1.0,34784,34784,2933,8.43203771849126,20,10,-34.775,42
nuscenes_mini_subset,scene-0103_018,2.0,34784,34784,2924,8.406163753449862,20,10,-34.775,42
nuscenes_mini_subset,scene-0103_018,3.0,34784,34784,2898,8.331416743330267,20,10,-34.775,42
nuscenes_mini_subset,scene-0103_019,0.0,34784,34784,2958,8.503909843606255,21,8,-35.184,42
nuscenes_mini_subset,scene-0103_019,0.5,34784,34784,2949,8.478035878564857,21,8,-35.184,42
nuscenes_mini_subset,scene-0103_019,1.0,34784,34784,2946,8.469411223551058,21,8,-35.184,42
nuscenes_mini_subset,scene-0103_019,2.0,34784,34784,2942,8.457911683532659,21,8,-35.184,42
nuscenes_mini_subset,scene-0103_019,3.0,34784,34784,2933,8.43203771849126,21,8,-35.184,42
nuscenes_mini_subset,scene-0103_020,0.0,34752,34752,2990,8.603821362799263,23,8,-35.616,42
nuscenes_mini_subset,scene-0103_020,0.5,34752,34752,2982,8.580801104972375,23,8,-35.616,42
nuscenes_mini_subset,scene-0103_020,1.0,34752,34752,2973,8.554903314917127,23,8,-35.616,42
nuscenes_mini_subset,scene-0103_020,2.0,34752,34752,2965,8.531883057090239,23,8,-35.616,42
nuscenes_mini_subset,scene-0103_020,3.0,34752,34752,2960,8.517495395948435,23,8,-35.616,42
nuscenes_mini_subset,scene-0103_021,0.0,34752,34752,2996,8.621086556169429,25,8,-35.818,42
nuscenes_mini_subset,scene-0103_021,0.5,34752,34752,2999,8.629719152854513,25,8,-35.818,42
nuscenes_mini_subset,scene-0103_021,1.0,34752,34752,2987,8.59518876611418,25,8,-35.818,42
nuscenes_mini_subset,scene-0103_021,2.0,34752,34752,2971,8.549148250460405,25,8,-35.818,42
nuscenes_mini_subset,scene-0103_021,3.0,34752,34752,2960,8.517495395948435,25,8,-35.818,42
nuscenes_mini_subset,scene-0103_022,0.0,34752,34752,2943,8.4685773480663,24,8,-37.76,42
nuscenes_mini_subset,scene-0103_022,0.5,34752,34752,2935,8.445557090239411,24,8,-37.76,42
nuscenes_mini_subset,scene-0103_022,1.0,34752,34752,2927,8.422536832412524,24,8,-37.76,42
nuscenes_mini_subset,scene-0103_022,2.0,34752,34752,2928,8.425414364640885,24,8,-37.76,42
nuscenes_mini_subset,scene-0103_022,3.0,34752,34752,2942,8.465699815837937,24,8,-37.76,42
nuscenes_mini_subset,scene-0103_023,0.0,34720,34720,2992,8.617511520737327,24,12,-36.132,42
nuscenes_mini_subset,scene-0103_023,0.5,34720,34720,2985,8.597350230414747,24,12,-36.132,42
nuscenes_mini_subset,scene-0103_023,1.0,34720,34720,2988,8.605990783410139,24,12,-36.132,42
nuscenes_mini_subset,scene-0103_023,2.0,34720,34720,2987,8.603110599078342,24,12,-36.132,42
nuscenes_mini_subset,scene-0103_023,3.0,34720,34720,2979,8.580069124423963,24,12,-36.132,42
nuscenes_mini_subset,scene-0103_024,0.0,34688,34688,2952,8.510147601476016,23,10,-35.993,42
nuscenes_mini_subset,scene-0103_024,0.5,34688,34688,2950,8.504381918819188,23,10,-35.993,42
nuscenes_mini_subset,scene-0103_024,1.0,34688,34688,2952,8.510147601476016,23,10,-35.993,42
nuscenes_mini_subset,scene-0103_024,2.0,34688,34688,2958,8.527444649446494,23,10,-35.993,42
nuscenes_mini_subset,scene-0103_024,3.0,34688,34688,2956,8.521678966789668,23,10,-35.993,42
nuscenes_mini_subset,scene-0103_025,0.0,34688,34688,2941,8.478436346863468,24,7,-35.329,42
nuscenes_mini_subset,scene-0103_025,0.5,34688,34688,2956,8.521678966789668,24,7,-35.329,42
nuscenes_mini_subset,scene-0103_025,1.0,34688,34688,2954,8.515913284132841,24,7,-35.329,42
nuscenes_mini_subset,scene-0103_025,2.0,34688,34688,2945,8.489967712177123,24,7,-35.329,42
nuscenes_mini_subset,scene-0103_025,3.0,34688,34688,2945,8.489967712177123,24,7,-35.329,42
nuscenes_mini_subset,scene-0103_026,0.0,34688,34688,2882,8.308348708487085,21,9,-35.202,42
nuscenes_mini_subset,scene-0103_026,0.5,34688,34688,2888,8.325645756457565,21,9,-35.202,42
nuscenes_mini_subset,scene-0103_026,1.0,34688,34688,2887,8.322762915129152,21,9,-35.202,42
nuscenes_mini_subset,scene-0103_026,2.0,34688,34688,2886,8.319880073800737,21,9,-35.202,42
nuscenes_mini_subset,scene-0103_026,3.0,34688,34688,2882,8.308348708487085,21,9,-35.202,42
nuscenes_mini_subset,scene-0103_027,0.0,34752,34752,2840,8.17219152854512,20,8,-35.086,42
nuscenes_mini_subset,scene-0103_027,0.5,34752,34752,2830,8.14341620626151,20,8,-35.086,42
nuscenes_mini_subset,scene-0103_027,1.0,34752,34752,2839,8.16931399631676,20,8,-35.086,42
nuscenes_mini_subset,scene-0103_027,2.0,34752,34752,2863,8.238374769797423,20,8,-35.086,42
nuscenes_mini_subset,scene-0103_027,3.0,34752,34752,2873,8.267150092081032,20,8,-35.086,42
nuscenes_mini_subset,scene-0103_028,0.0,34720,34720,2791,8.038594470046084,20,9,-34.646,42
nuscenes_mini_subset,scene-0103_028,0.5,34720,34720,2796,8.05299539170507,20,9,-34.646,42
nuscenes_mini_subset,scene-0103_028,1.0,34720,34720,2802,8.070276497695852,20,9,-34.646,42
nuscenes_mini_subset,scene-0103_028,2.0,34720,34720,2807,8.084677419354838,20,9,-34.646,42
nuscenes_mini_subset,scene-0103_028,3.0,34720,34720,2819,8.119239631336406,20,9,-34.646,42
nuscenes_mini_subset,scene-0103_029,0.0,34720,34720,2785,8.021313364055299,19,8,-34.833,42
nuscenes_mini_subset,scene-0103_029,0.5,34720,34720,2793,8.044354838709678,19,8,-34.833,42
nuscenes_mini_subset,scene-0103_029,1.0,34720,34720,2799,8.06163594470046,19,8,-34.833,42
nuscenes_mini_subset,scene-0103_029,2.0,34720,34720,2805,8.078917050691244,19,8,-34.833,42
nuscenes_mini_subset,scene-0103_029,3.0,34720,34720,2814,8.10483870967742,19,8,-34.833,42
nuscenes_mini_subset,scene-0103_030,0.0,34688,34688,2826,8.146909594095941,17,8,-34.73,42
nuscenes_mini_subset,scene-0103_030,0.5,34688,34688,2826,8.146909594095941,17,8,-34.73,42
nuscenes_mini_subset,scene-0103_030,1.0,34688,34688,2833,8.167089483394834,17,8,-34.73,42
nuscenes_mini_subset,scene-0103_030,2.0,34688,34688,2838,8.1815036900369,17,8,-34.73,42
nuscenes_mini_subset,scene-0103_030,3.0,34688,34688,2841,8.19015221402214,17,8,-34.73,42
nuscenes_mini_subset,scene-0103_031,0.0,34688,34688,2820,8.129612546125461,16,5,-34.589,42
nuscenes_mini_subset,scene-0103_031,0.5,34688,34688,2829,8.155558118081181,16,5,-34.589,42
nuscenes_mini_subset,scene-0103_031,1.0,34688,34688,2832,8.164206642066421,16,5,-34.589,42
nuscenes_mini_subset,scene-0103_031,2.0,34688,34688,2833,8.167089483394834,16,5,-34.589,42
nuscenes_mini_subset,scene-0103_031,3.0,34688,34688,2837,8.178620848708487,16,5,-34.589,42
nuscenes_mini_subset,scene-0103_032,0.0,34752,34752,2837,8.163558931860036,15,5,-34.462,42
nuscenes_mini_subset,scene-0103_032,0.5,34752,34752,2839,8.16931399631676,15,5,-34.462,42
nuscenes_mini_subset,scene-0103_032,1.0,34752,34752,2831,8.146293738489872,15,5,-34.462,42
nuscenes_mini_subset,scene-0103_032,2.0,34752,34752,2823,8.123273480662984,15,5,-34.462,42
nuscenes_mini_subset,scene-0103_032,3.0,34752,34752,2821,8.117518416206261,15,5,-34.462,42
nuscenes_mini_subset,scene-0103_033,0.0,34784,34784,2853,8.202046918123274,14,4,-34.855,42
nuscenes_mini_subset,scene-0103_033,0.5,34784,34784,2846,8.181922723091077,14,4,-34.855,42
nuscenes_mini_subset,scene-0103_033,1.0,34784,34784,2850,8.193422263109476,14,4,-34.855,42
nuscenes_mini_subset,scene-0103_033,2.0,34784,34784,2844,8.176172953081876,14,4,-34.855,42
nuscenes_mini_subset,scene-0103_033,3.0,34784,34784,2840,8.164673413063477,14,4,-34.855,42
nuscenes_mini_subset,scene-0103_034,0.0,34688,34688,2844,8.19880073800738,14,4,-35.341,42
nuscenes_mini_subset,scene-0103_034,0.5,34688,34688,2836,8.175738007380074,14,4,-35.341,42
nuscenes_mini_subset,scene-0103_034,1.0,34688,34688,2836,8.175738007380074,14,4,-35.341,42
nuscenes_mini_subset,scene-0103_034,2.0,34688,34688,2830,8.158440959409594,14,4,-35.341,42
nuscenes_mini_subset,scene-0103_034,3.0,34688,34688,2824,8.141143911439114,14,4,-35.341,42
nuscenes_mini_subset,scene-0103_035,0.0,34720,34720,2809,8.090437788018432,14,4,-35.302,42
nuscenes_mini_subset,scene-0103_035,0.5,34720,34720,2795,8.050115207373272,14,4,-35.302,42
nuscenes_mini_subset,scene-0103_035,1.0,34720,34720,2785,8.021313364055299,14,4,-35.302,42
nuscenes_mini_subset,scene-0103_035,2.0,34720,34720,2781,8.00979262672811,14,4,-35.302,42
nuscenes_mini_subset,scene-0103_035,3.0,34720,34720,2776,7.9953917050691246,14,4,-35.302,42
nuscenes_mini_subset,scene-0103_036,0.0,34752,34752,2795,8.042702578268877,13,2,-35.645,42
nuscenes_mini_subset,scene-0103_036,0.5,34752,34752,2804,8.068600368324125,13,2,-35.645,42
nuscenes_mini_subset,scene-0103_036,1.0,34752,34752,2795,8.042702578268877,13,2,-35.645,42
nuscenes_mini_subset,scene-0103_036,2.0,34752,34752,2795,8.042702578268877,13,2,-35.645,42
nuscenes_mini_subset,scene-0103_036,3.0,34752,34752,2786,8.016804788213628,13,2,-35.645,42
nuscenes_mini_subset,scene-0103_037,0.0,34720,34720,2721,7.836981566820277,15,5,-35.524,42
nuscenes_mini_subset,scene-0103_037,0.5,34720,34720,2714,7.816820276497696,15,5,-35.524,42
nuscenes_mini_subset,scene-0103_037,1.0,34720,34720,2712,7.811059907834101,15,5,-35.524,42
nuscenes_mini_subset,scene-0103_037,2.0,34720,34720,2707,7.796658986175115,15,5,-35.524,42
nuscenes_mini_subset,scene-0103_037,3.0,34720,34720,2709,7.80241935483871,15,5,-35.524,42
nuscenes_mini_subset,scene-0103_038,0.0,34752,34752,2734,7.867173112338858,13,0,-36.512,42
nuscenes_mini_subset,scene-0103_038,0.5,34752,34752,2738,7.878683241252302,13,0,-36.512,42
nuscenes_mini_subset,scene-0103_038,1.0,34752,34752,2735,7.870050644567219,13,0,-36.512,42
nuscenes_mini_subset,scene-0103_038,2.0,34752,34752,2743,7.893070902394107,13,0,-36.512,42
nuscenes_mini_subset,scene-0103_038,3.0,34752,34752,2753,7.921846224677717,13,0,-36.512,42
nuscenes_mini_subset,scene-0103_039,0.0,34720,34720,2695,7.762096774193548,8,0,-35.823,42
nuscenes_mini_subset,scene-0103_039,0.5,34720,34720,2702,7.782258064516129,8,0,-35.823,42
nuscenes_mini_subset,scene-0103_039,1.0,34720,34720,2718,7.828341013824885,8,0,-35.823,42
nuscenes_mini_subset,scene-0103_039,2.0,34720,34720,2741,7.8945852534562215,8,0,-35.823,42
nuscenes_mini_subset,scene-0103_039,3.0,34720,34720,2753,7.929147465437788,8,0,-35.823,42
nuscenes_mini_subset,scene-1094_000,0.0,34400,34400,3549,10.31686046511628,14,1,-35.659,42
nuscenes_mini_subset,scene-1094_000,0.5,34400,34400,3559,10.345930232558139,14,1,-35.659,42
nuscenes_mini_subset,scene-1094_000,1.0,34400,34400,3570,10.377906976744185,14,1,-35.659,42
nuscenes_mini_subset,scene-1094_000,2.0,34400,34400,3587,10.42732558139535,14,1,-35.659,42
nuscenes_mini_subset,scene-1094_000,3.0,34400,34400,3598,10.459302325581396,14,1,-35.659,42
nuscenes_mini_subset,scene-1094_001,0.0,34688,34688,3555,10.248500922509225,15,1,-35.521,42
nuscenes_mini_subset,scene-1094_001,0.5,34688,34688,3562,10.268680811808117,15,1,-35.521,42
nuscenes_mini_subset,scene-1094_001,1.0,34688,34688,3560,10.262915129151292,15,1,-35.521,42
nuscenes_mini_subset,scene-1094_001,2.0,34688,34688,3567,10.283095018450185,15,1,-35.521,42
nuscenes_mini_subset,scene-1094_001,3.0,34688,34688,3571,10.294626383763838,15,1,-35.521,42
nuscenes_mini_subset,scene-1094_002,0.0,34720,34720,3551,10.227534562211982,17,2,-35.437,42
nuscenes_mini_subset,scene-1094_002,0.5,34720,34720,3556,10.241935483870968,17,2,-35.437,42
nuscenes_mini_subset,scene-1094_002,1.0,34720,34720,3551,10.227534562211982,17,2,-35.437,42
nuscenes_mini_subset,scene-1094_002,2.0,34720,34720,3544,10.2073732718894,17,2,-35.437,42
nuscenes_mini_subset,scene-1094_002,3.0,34720,34720,3542,10.201612903225806,17,2,-35.437,42
nuscenes_mini_subset,scene-1094_003,0.0,34688,34688,3581,10.32345479704797,20,4,-34.719,42
nuscenes_mini_subset,scene-1094_003,0.5,34688,34688,3583,10.329220479704796,20,4,-34.719,42
nuscenes_mini_subset,scene-1094_003,1.0,34688,34688,3587,10.34075184501845,20,4,-34.719,42
nuscenes_mini_subset,scene-1094_003,2.0,34688,34688,3589,10.346517527675276,20,4,-34.719,42
nuscenes_mini_subset,scene-1094_003,3.0,34688,34688,3576,10.309040590405903,20,4,-34.719,42
nuscenes_mini_subset,scene-1094_004,0.0,34720,34720,3602,10.37442396313364,19,5,-34.599,42
nuscenes_mini_subset,scene-1094_004,0.5,34720,34720,3599,10.365783410138249,19,5,-34.599,42
nuscenes_mini_subset,scene-1094_004,1.0,34720,34720,3593,10.348502304147466,19,5,-34.599,42
nuscenes_mini_subset,scene-1094_004,2.0,34720,34720,3558,10.247695852534562,19,5,-34.599,42
nuscenes_mini_subset,scene-1094_004,3.0,34720,34720,3531,10.169930875576037,19,5,-34.599,42
nuscenes_mini_subset,scene-1094_005,0.0,34752,34752,3548,10.209484346224677,19,6,-35.025,42
nuscenes_mini_subset,scene-1094_005,0.5,34752,34752,3550,10.2152394106814,19,6,-35.025,42
nuscenes_mini_subset,scene-1094_005,1.0,34752,34752,3550,10.2152394106814,19,6,-35.025,42
nuscenes_mini_subset,scene-1094_005,2.0,34752,34752,3554,10.226749539594843,19,6,-35.025,42
nuscenes_mini_subset,scene-1094_005,3.0,34752,34752,3569,10.269912523020258,19,6,-35.025,42
nuscenes_mini_subset,scene-1094_006,0.0,34688,34688,3602,10.38399446494465,18,6,-34.918,42
nuscenes_mini_subset,scene-1094_006,0.5,34688,34688,3617,10.427237084870848,18,6,-34.918,42
nuscenes_mini_subset,scene-1094_006,1.0,34688,34688,3629,10.461831180811808,18,6,-34.918,42
nuscenes_mini_subset,scene-1094_006,2.0,34688,34688,3637,10.484893911439114,18,6,-34.918,42
nuscenes_mini_subset,scene-1094_006,3.0,34688,34688,3631,10.467596863468634,18,6,-34.918,42
nuscenes_mini_subset,scene-1094_007,0.0,34720,34720,3678,10.59331797235023,18,3,-37.683,42
nuscenes_mini_subset,scene-1094_007,0.5,34720,34720,3676,10.587557603686635,18,3,-37.683,42
nuscenes_mini_subset,scene-1094_007,1.0,34720,34720,3678,10.59331797235023,18,3,-37.683,42
nuscenes_mini_subset,scene-1094_007,2.0,34720,34720,3681,10.601958525345623,18,3,-37.683,42
nuscenes_mini_subset,scene-1094_007,3.0,34720,34720,3682,10.60483870967742,18,3,-37.683,42
nuscenes_mini_subset,scene-1094_008,0.0,34752,34752,3646,10.491482504604052,17,1,-35.245,42
nuscenes_mini_subset,scene-1094_008,0.5,34752,34752,3650,10.502992633517495,17,1,-35.245,42
nuscenes_mini_subset,scene-1094_008,1.0,34752,34752,3652,10.508747697974217,17,1,-35.245,42
nuscenes_mini_subset,scene-1094_008,2.0,34752,34752,3647,10.494360036832413,17,1,-35.245,42
nuscenes_mini_subset,scene-1094_008,3.0,34752,34752,3653,10.511625230202577,17,1,-35.245,42
nuscenes_mini_subset,scene-1094_009,0.0,34720,34720,3620,10.426267281105991,18,3,-35.631,42
nuscenes_mini_subset,scene-1094_009,0.5,34720,34720,3624,10.43778801843318,18,3,-35.631,42
nuscenes_mini_subset,scene-1094_009,1.0,34720,34720,3633,10.463709677419354,18,3,-35.631,42
nuscenes_mini_subset,scene-1094_009,2.0,34720,34720,3636,10.472350230414747,18,3,-35.631,42
nuscenes_mini_subset,scene-1094_009,3.0,34720,34720,3641,10.486751152073733,18,3,-35.631,42
nuscenes_mini_subset,scene-1094_010,0.0,34688,34688,3592,10.355166051660516,16,1,-35.018,42
nuscenes_mini_subset,scene-1094_010,0.5,34688,34688,3594,10.360931734317344,16,1,-35.018,42
nuscenes_mini_subset,scene-1094_010,1.0,34688,34688,3600,10.378228782287822,16,1,-35.018,42
nuscenes_mini_subset,scene-1094_010,2.0,34688,34688,3609,10.404174354243542,16,1,-35.018,42
nuscenes_mini_subset,scene-1094_010,3.0,34688,34688,3618,10.430119926199263,16,1,-35.018,42
nuscenes_mini_subset,scene-1094_011,0.0,34688,34688,3559,10.260032287822877,15,2,-34.853,42
nuscenes_mini_subset,scene-1094_011,0.5,34688,34688,3567,10.283095018450185,15,2,-34.853,42
nuscenes_mini_subset,scene-1094_011,1.0,34688,34688,3579,10.317689114391143,15,2,-34.853,42
nuscenes_mini_subset,scene-1094_011,2.0,34688,34688,3599,10.37534594095941,15,2,-34.853,42
nuscenes_mini_subset,scene-1094_011,3.0,34688,34688,3606,10.395525830258302,15,2,-34.853,42
nuscenes_mini_subset,scene-1094_012,0.0,34752,34752,3384,9.737569060773481,15,2,-35.276,42
nuscenes_mini_subset,scene-1094_012,0.5,34752,34752,3396,9.772099447513812,15,2,-35.276,42
nuscenes_mini_subset,scene-1094_012,1.0,34752,34752,3419,9.838282688766114,15,2,-35.276,42
nuscenes_mini_subset,scene-1094_012,2.0,34752,34752,3459,9.953383977900552,15,2,-35.276,42
nuscenes_mini_subset,scene-1094_012,3.0,34752,34752,3479,10.010934622467772,15,2,-35.276,42
nuscenes_mini_subset,scene-1094_013,0.0,34752,34752,3177,9.141919889502763,14,1,-35.257,42
nuscenes_mini_subset,scene-1094_013,0.5,34752,34752,3181,9.153430018416206,14,1,-35.257,42
nuscenes_mini_subset,scene-1094_013,1.0,34752,34752,3187,9.170695211786372,14,1,-35.257,42
nuscenes_mini_subset,scene-1094_013,2.0,34752,34752,3203,9.216735727440147,14,1,-35.257,42
nuscenes_mini_subset,scene-1094_013,3.0,34752,34752,3223,9.274286372007367,14,1,-35.257,42
nuscenes_mini_subset,scene-1094_014,0.0,34720,34720,2899,8.349654377880185,11,2,-35.573,42
nuscenes_mini_subset,scene-1094_014,0.5,34720,34720,2903,8.361175115207374,11,2,-35.573,42
nuscenes_mini_subset,scene-1094_014,1.0,34720,34720,2914,8.392857142857142,11,2,-35.573,42
nuscenes_mini_subset,scene-1094_014,2.0,34720,34720,2940,8.46774193548387,11,2,-35.573,42
nuscenes_mini_subset,scene-1094_014,3.0,34720,34720,2974,8.565668202764977,11,2,-35.573,42
nuscenes_mini_subset,scene-1094_015,0.0,34752,34752,2825,8.129028545119706,11,0,-35.995,42
nuscenes_mini_subset,scene-1094_015,0.5,34752,34752,2838,8.166436464088397,11,0,-35.995,42
nuscenes_mini_subset,scene-1094_015,1.0,34752,34752,2832,8.149171270718233,11,0,-35.995,42
nuscenes_mini_subset,scene-1094_015,2.0,34752,34752,2830,8.14341620626151,11,0,-35.995,42
nuscenes_mini_subset,scene-1094_015,3.0,34752,34752,2825,8.129028545119706,11,0,-35.995,42
nuscenes_mini_subset,scene-1094_016,0.0,34816,34816,2790,8.013556985294118,9,1,-37.0,42
nuscenes_mini_subset,scene-1094_016,0.5,34816,34816,2791,8.016429227941176,9,1,-37.0,42
nuscenes_mini_subset,scene-1094_016,1.0,34816,34816,2802,8.048023897058824,9,1,-37.0,42
nuscenes_mini_subset,scene-1094_016,2.0,34816,34816,2825,8.114085477941176,9,1,-37.0,42
nuscenes_mini_subset,scene-1094_016,3.0,34816,34816,2830,8.128446691176471,9,1,-37.0,42
nuscenes_mini_subset,scene-1094_017,0.0,34752,34752,2795,8.042702578268877,8,0,-37.959,42
nuscenes_mini_subset,scene-1094_017,0.5,34752,34752,2793,8.036947513812155,8,0,-37.959,42
nuscenes_mini_subset,scene-1094_017,1.0,34752,34752,2791,8.031192449355434,8,0,-37.959,42
nuscenes_mini_subset,scene-1094_017,2.0,34752,34752,2786,8.016804788213628,8,0,-37.959,42
nuscenes_mini_subset,scene-1094_017,3.0,34752,34752,2786,8.016804788213628,8,0,-37.959,42
nuscenes_mini_subset,scene-1094_018,0.0,34688,34688,2766,7.973939114391144,7,0,-37.842,42
nuscenes_mini_subset,scene-1094_018,0.5,34688,34688,2757,7.947993542435424,7,0,-37.842,42
nuscenes_mini_subset,scene-1094_018,1.0,34688,34688,2757,7.947993542435424,7,0,-37.842,42
nuscenes_mini_subset,scene-1094_018,2.0,34688,34688,2740,7.898985239852398,7,0,-37.842,42
nuscenes_mini_subset,scene-1094_018,3.0,34688,34688,2728,7.864391143911439,7,0,-37.842,42
nuscenes_mini_subset,scene-1094_019,0.0,34688,34688,2829,8.155558118081181,8,1,-37.727,42
nuscenes_mini_subset,scene-1094_019,0.5,34688,34688,2823,8.138261070110701,8,1,-37.727,42
nuscenes_mini_subset,scene-1094_019,1.0,34688,34688,2814,8.112315498154981,8,1,-37.727,42
nuscenes_mini_subset,scene-1094_019,2.0,34688,34688,2804,8.083487084870848,8,1,-37.727,42
nuscenes_mini_subset,scene-1094_019,3.0,34688,34688,2785,8.028713099630997,8,1,-37.727,42
nuscenes_mini_subset,scene-1094_020,0.0,34720,34720,2805,8.078917050691244,9,3,-37.269,42
nuscenes_mini_subset,scene-1094_020,0.5,34720,34720,2792,8.04147465437788,9,3,-37.269,42
nuscenes_mini_subset,scene-1094_020,1.0,34720,34720,2793,8.044354838709678,9,3,-37.269,42
nuscenes_mini_subset,scene-1094_020,2.0,34720,34720,2783,8.015552995391705,9,3,-37.269,42
nuscenes_mini_subset,scene-1094_020,3.0,34720,34720,2765,7.963709677419355,9,3,-37.269,42
nuscenes_mini_subset,scene-1094_021,0.0,34688,34688,2784,8.025830258302584,9,4,-36.582,42
nuscenes_mini_subset,scene-1094_021,0.5,34688,34688,2784,8.025830258302584,9,4,-36.582,42
nuscenes_mini_subset,scene-1094_021,1.0,34688,34688,2790,8.043127306273062,9,4,-36.582,42
nuscenes_mini_subset,scene-1094_021,2.0,34688,34688,2771,7.988353321033211,9,4,-36.582,42
nuscenes_mini_subset,scene-1094_021,3.0,34688,34688,2762,7.9624077490774905,9,4,-36.582,42
nuscenes_mini_subset,scene-1094_022,0.0,34656,34656,2873,8.290050784856879,9,3,-36.463,42
nuscenes_mini_subset,scene-1094_022,0.5,34656,34656,2866,8.269852262234533,9,3,-36.463,42
nuscenes_mini_subset,scene-1094_022,1.0,34656,34656,2865,8.26696675900277,9,3,-36.463,42
nuscenes_mini_subset,scene-1094_022,2.0,34656,34656,2861,8.255424746075716,9,3,-36.463,42
nuscenes_mini_subset,scene-1094_022,3.0,34656,34656,2854,8.23522622345337,9,3,-36.463,42
nuscenes_mini_subset,scene-1094_023,0.0,34688,34688,2989,8.616812730627306,9,3,-39.535,42
nuscenes_mini_subset,scene-1094_023,0.5,34688,34688,2977,8.582218634686347,9,3,-39.535,42
nuscenes_mini_subset,scene-1094_023,1.0,34688,34688,2969,8.559155904059041,9,3,-39.535,42
nuscenes_mini_subset,scene-1094_023,2.0,34688,34688,2948,8.498616236162361,9,3,-39.535,42
nuscenes_mini_subset,scene-1094_023,3.0,34688,34688,2932,8.45249077490775,9,3,-39.535,42
nuscenes_mini_subset,scene-1094_024,0.0,34688,34688,2983,8.599515682656827,8,4,-34.889,42
nuscenes_mini_subset,scene-1094_024,0.5,34688,34688,2968,8.556273062730627,8,4,-34.889,42
nuscenes_mini_subset,scene-1094_024,1.0,34688,34688,2959,8.530327490774908,8,4,-34.889,42
nuscenes_mini_subset,scene-1094_024,2.0,34688,34688,2930,8.446725092250922,8,4,-34.889,42
nuscenes_mini_subset,scene-1094_024,3.0,34688,34688,2924,8.429428044280442,8,4,-34.889,42
nuscenes_mini_subset,scene-1094_025,0.0,34720,34720,2993,8.620391705069125,8,1,-34.766,42
nuscenes_mini_subset,scene-1094_025,0.5,34720,34720,2984,8.59447004608295,8,1,-34.766,42
nuscenes_mini_subset,scene-1094_025,1.0,34720,34720,2974,8.565668202764977,8,1,-34.766,42
nuscenes_mini_subset,scene-1094_025,2.0,34720,34720,2956,8.513824884792626,8,1,-34.766,42
nuscenes_mini_subset,scene-1094_025,3.0,34720,34720,2923,8.418778801843319,8,1,-34.766,42
nuscenes_mini_subset,scene-1094_026,0.0,34752,34752,3004,8.644106813996316,7,0,-34.626,42
nuscenes_mini_subset,scene-1094_026,0.5,34752,34752,3000,8.632596685082873,7,0,-34.626,42
nuscenes_mini_subset,scene-1094_026,1.0,34752,34752,2992,8.609576427255986,7,0,-34.626,42
nuscenes_mini_subset,scene-1094_026,2.0,34752,34752,2972,8.552025782688766,7,0,-34.626,42
nuscenes_mini_subset,scene-1094_026,3.0,34752,34752,2952,8.494475138121548,7,0,-34.626,42
nuscenes_mini_subset,scene-1094_027,0.0,34752,34752,3019,8.687269797421731,8,0,-35.095,42
nuscenes_mini_subset,scene-1094_027,0.5,34752,34752,3012,8.667127071823204,8,0,-35.095,42
nuscenes_mini_subset,scene-1094_027,1.0,34752,34752,2990,8.603821362799263,8,0,-35.095,42
nuscenes_mini_subset,scene-1094_027,2.0,34752,34752,2963,8.526127992633517,8,0,-35.095,42
nuscenes_mini_subset,scene-1094_027,3.0,34752,34752,2947,8.480087476979742,8,0,-35.095,42
nuscenes_mini_subset,scene-1094_028,0.0,34752,34752,2981,8.577923572744014,7,0,-35.502,42
nuscenes_mini_subset,scene-1094_028,0.5,34752,34752,2975,8.56065837937385,7,0,-35.502,42
nuscenes_mini_subset,scene-1094_028,1.0,34752,34752,2967,8.537638121546962,7,0,-35.502,42
nuscenes_mini_subset,scene-1094_028,2.0,34752,34752,2951,8.491597605893187,7,0,-35.502,42
nuscenes_mini_subset,scene-1094_028,3.0,34752,34752,2955,8.50310773480663,7,0,-35.502,42
nuscenes_mini_subset,scene-1094_029,0.0,34720,34720,3048,8.778801843317972,5,1,-35.44,42
nuscenes_mini_subset,scene-1094_029,0.5,34720,34720,3039,8.752880184331797,5,1,-35.44,42
nuscenes_mini_subset,scene-1094_029,1.0,34720,34720,3039,8.752880184331797,5,1,-35.44,42
nuscenes_mini_subset,scene-1094_029,2.0,34720,34720,3040,8.755760368663594,5,1,-35.44,42
nuscenes_mini_subset,scene-1094_029,3.0,34720,34720,3043,8.764400921658986,5,1,-35.44,42
nuscenes_mini_subset,scene-1094_030,0.0,34720,34720,3095,8.914170506912443,3,0,-35.245,42
nuscenes_mini_subset,scene-1094_030,0.5,34720,34720,3095,8.914170506912443,3,0,-35.245,42
nuscenes_mini_subset,scene-1094_030,1.0,34720,34720,3099,8.925691244239632,3,0,-35.245,42
nuscenes_mini_subset,scene-1094_030,2.0,34720,34720,3099,8.925691244239632,3,0,-35.245,42
nuscenes_mini_subset,scene-1094_030,3.0,34720,34720,3095,8.914170506912443,3,0,-35.245,42
nuscenes_mini_subset,scene-1094_031,0.0,34752,34752,3088,8.885819521178638,2,0,-35.112,42
nuscenes_mini_subset,scene-1094_031,0.5,34752,34752,3089,8.888697053406998,2,0,-35.112,42
nuscenes_mini_subset,scene-1094_031,1.0,34752,34752,3099,8.917472375690608,2,0,-35.112,42
nuscenes_mini_subset,scene-1094_031,2.0,34752,34752,3093,8.900207182320441,2,0,-35.112,42
nuscenes_mini_subset,scene-1094_031,3.0,34752,34752,3084,8.874309392265193,2,0,-35.112,42
nuscenes_mini_subset,scene-1094_032,0.0,34784,34784,2999,8.621780128794848,2,0,-35.543,42
nuscenes_mini_subset,scene-1094_032,0.5,34784,34784,2989,8.59303127874885,2,0,-35.543,42
nuscenes_mini_subset,scene-1094_032,1.0,34784,34784,2993,8.60453081876725,2,0,-35.543,42
nuscenes_mini_subset,scene-1094_032,2.0,34784,34784,3003,8.633279668813248,2,0,-35.543,42
nuscenes_mini_subset,scene-1094_032,3.0,34784,34784,2990,8.59590616375345,2,0,-35.543,42
nuscenes_mini_subset,scene-1094_033,0.0,34720,34720,3016,8.68663594470046,2,0,-35.994,42
nuscenes_mini_subset,scene-1094_033,0.5,34720,34720,3029,8.724078341013826,2,0,-35.994,42
nuscenes_mini_subset,scene-1094_033,1.0,34720,34720,3021,8.701036866359447,2,0,-35.994,42
nuscenes_mini_subset,scene-1094_033,2.0,34720,34720,3025,8.712557603686635,2,0,-35.994,42
nuscenes_mini_subset,scene-1094_033,3.0,34720,34720,3025,8.712557603686635,2,0,-35.994,42
nuscenes_mini_subset,scene-1094_034,0.0,34720,34720,2856,8.225806451612904,2,0,-35.86,42
nuscenes_mini_subset,scene-1094_034,0.5,34720,34720,2850,8.20852534562212,2,0,-35.86,42
nuscenes_mini_subset,scene-1094_034,1.0,34720,34720,2861,8.24020737327189,2,0,-35.86,42
nuscenes_mini_subset,scene-1094_034,2.0,34720,34720,2862,8.243087557603687,2,0,-35.86,42
nuscenes_mini_subset,scene-1094_034,3.0,34720,34720,2860,8.237327188940093,2,0,-35.86,42
nuscenes_mini_subset,scene-1094_035,0.0,34720,34720,2820,8.122119815668203,2,0,-35.423,42
nuscenes_mini_subset,scene-1094_035,0.5,34720,34720,2813,8.101958525345623,2,0,-35.423,42
nuscenes_mini_subset,scene-1094_035,1.0,34720,34720,2818,8.116359447004609,2,0,-35.423,42
nuscenes_mini_subset,scene-1094_035,2.0,34720,34720,2808,8.087557603686635,2,0,-35.423,42
nuscenes_mini_subset,scene-1094_035,3.0,34720,34720,2806,8.081797235023041,2,0,-35.423,42
nuscenes_mini_subset,scene-1094_036,0.0,34720,34720,2760,7.949308755760368,2,1,-35.614,42
nuscenes_mini_subset,scene-1094_036,0.5,34720,34720,2758,7.943548387096774,2,1,-35.614,42
nuscenes_mini_subset,scene-1094_036,1.0,34720,34720,2759,7.946428571428571,2,1,-35.614,42
nuscenes_mini_subset,scene-1094_036,2.0,34720,34720,2747,7.9118663594470044,2,1,-35.614,42
nuscenes_mini_subset,scene-1094_036,3.0,34720,34720,2743,7.900345622119816,2,1,-35.614,42
nuscenes_mini_subset,scene-1094_037,0.0,34752,34752,2715,7.8125,5,0,-36.027,42
nuscenes_mini_subset,scene-1094_037,0.5,34752,34752,2713,7.806744935543278,5,0,-36.027,42
nuscenes_mini_subset,scene-1094_037,1.0,34752,34752,2709,7.795234806629834,5,0,-36.027,42
nuscenes_mini_subset,scene-1094_037,2.0,34752,34752,2704,7.780847145488029,5,0,-36.027,42
nuscenes_mini_subset,scene-1094_037,3.0,34752,34752,2700,7.769337016574585,5,0,-36.027,42
nuscenes_mini_subset,scene-1094_038,0.0,34688,34688,2624,7.564575645756458,5,0,-35.901,42
nuscenes_mini_subset,scene-1094_038,0.5,34688,34688,2620,7.553044280442805,5,0,-35.901,42
nuscenes_mini_subset,scene-1094_038,1.0,34688,34688,2625,7.5674584870848705,5,0,-35.901,42
nuscenes_mini_subset,scene-1094_038,2.0,34688,34688,2621,7.555927121771218,5,0,-35.901,42
nuscenes_mini_subset,scene-1094_038,3.0,34688,34688,2620,7.553044280442805,5,0,-35.901,42
nuscenes_mini_subset,scene-1094_039,0.0,34720,34720,2642,7.609447004608295,4,0,-35.228,42
nuscenes_mini_subset,scene-1094_039,0.5,34720,34720,2641,7.606566820276497,4,0,-35.228,42
nuscenes_mini_subset,scene-1094_039,1.0,34720,34720,2645,7.618087557603687,4,0,-35.228,42
nuscenes_mini_subset,scene-1094_039,2.0,34720,34720,2645,7.618087557603687,4,0,-35.228,42
nuscenes_mini_subset,scene-1094_039,3.0,34720,34720,2645,7.618087557603687,4,0,-35.228,42
