dataset,yaw_deg,depth_band,n_frames,baseline_pairs,matched_pairs,object_match_pct,drop_from_first_level_pp,finite_xyz,inside_fov,inside_fov_pct,seed
kitti_mini,0.0,all,20,28704,28534,99.4077480490524,0.0,2386369,375604,15.739560813939503,42
kitti_mini,0.5,all,20,28704,27774,96.76003344481606,2.6477146042363415,2386369,375771,15.746558893448583,42
kitti_mini,1.0,all,20,28704,26363,91.84434225195095,7.563405797101453,2386369,375848,15.749785552862948,42
kitti_mini,2.0,all,20,28704,23474,81.77954292084726,17.62820512820514,2386369,375887,15.75141983490399,42
kitti_mini,3.0,all,20,28704,20972,73.06298773690078,26.34476031215162,2386369,376084,15.759675054444639,42
kitti_mini,0.0,near,20,23229,23115,99.50923414697145,0.0,2386369,375604,15.739560813939503,42
kitti_mini,0.5,near,20,23229,22809,98.1919152783159,1.3173188686555477,2386369,375771,15.746558893448583,42
kitti_mini,1.0,near,20,23229,22224,95.67351155882733,3.8357225881441224,2386369,375848,15.749785552862948,42
kitti_mini,2.0,near,20,23229,20524,88.35507339962977,11.154160747341678,2386369,375887,15.75141983490399,42
kitti_mini,3.0,near,20,23229,18932,81.50157131172242,18.007662835249036,2386369,376084,15.759675054444639,42
kitti_mini,0.0,mid,20,4702,4651,98.9153551680136,0.0,2386369,375604,15.739560813939503,42
kitti_mini,0.5,mid,20,4702,4315,91.76945980433858,7.145895363675024,2386369,375771,15.746558893448583,42
kitti_mini,1.0,mid,20,4702,3675,78.15823054019566,20.757124627817944,2386369,375848,15.749785552862948,42
kitti_mini,2.0,mid,20,4702,2698,57.379838366652486,41.53551680136112,2386369,375887,15.75141983490399,42
kitti_mini,3.0,mid,20,4702,1918,40.79115270097831,58.124202467035296,2386369,376084,15.759675054444639,42
kitti_mini,0.0,far,20,773,768,99.35316946959897,0.0,2386369,375604,15.739560813939503,42
kitti_mini,0.5,far,20,773,650,84.08796895213455,15.265200517464422,2386369,375771,15.746558893448583,42
kitti_mini,1.0,far,20,773,464,60.02587322121604,39.32729624838293,2386369,375848,15.749785552862948,42
kitti_mini,2.0,far,20,773,252,32.60025873221216,66.7529107373868,2386369,375887,15.75141983490399,42
kitti_mini,3.0,far,20,773,122,15.782664941785253,83.57050452781371,2386369,376084,15.759675054444639,42
nuscenes_mini_subset,0.0,all,80,17337,17325,99.93078387264232,0.0,2777504,242382,8.726612094888072,42
nuscenes_mini_subset,0.5,all,80,17337,16922,97.60627559554709,2.3245082770952337,2777504,242290,8.723299768425177,42
nuscenes_mini_subset,1.0,all,80,17337,15978,92.16127357674338,7.7695102958989395,2777504,242294,8.723443782619215,42
nuscenes_mini_subset,2.0,all,80,17337,13962,80.53296418065409,19.397819691988232,2777504,242131,8.717575204212126,42
nuscenes_mini_subset,3.0,all,80,17337,12125,69.93712868431678,29.993655188325548,2777504,241969,8.71174262935355,42
nuscenes_mini_subset,0.0,near,80,10769,10757,99.88856904076516,0.0,2777504,242382,8.726612094888072,42
nuscenes_mini_subset,0.5,near,80,10769,10628,98.69068622899061,1.197882811774548,2777504,242290,8.723299768425177,42
nuscenes_mini_subset,1.0,near,80,10769,10389,96.47135295756338,3.4172160832017795,2777504,242294,8.723443782619215,42
nuscenes_mini_subset,2.0,near,80,10769,9571,88.87547590305506,11.0130931377101,2777504,242131,8.717575204212126,42
nuscenes_mini_subset,3.0,near,80,10769,8621,80.05385829696351,19.83471074380165,2777504,241969,8.71174262935355,42
nuscenes_mini_subset,0.0,mid,80,5750,5750,100.0,0.0,2777504,242382,8.726612094888072,42
nuscenes_mini_subset,0.5,mid,80,5750,5604,97.4608695652174,2.5391304347826065,2777504,242290,8.723299768425177,42
nuscenes_mini_subset,1.0,mid,80,5750,5110,88.8695652173913,11.130434782608702,2777504,242294,8.723443782619215,42
nuscenes_mini_subset,2.0,mid,80,5750,4138,71.96521739130435,28.03478260869565,2777504,242131,8.717575204212126,42
nuscenes_mini_subset,3.0,mid,80,5750,3398,59.095652173913045,40.904347826086955,2777504,241969,8.71174262935355,42
nuscenes_mini_subset,0.0,far,80,818,818,100.0,0.0,2777504,242382,8.726612094888072,42
nuscenes_mini_subset,0.5,far,80,818,690,84.3520782396088,15.647921760391199,2777504,242290,8.723299768425177,42
nuscenes_mini_subset,1.0,far,80,818,479,58.557457212713935,41.442542787286065,2777504,242294,8.723443782619215,42
nuscenes_mini_subset,2.0,far,80,818,253,30.929095354523227,69.07090464547677,2777504,242131,8.717575204212126,42
nuscenes_mini_subset,3.0,far,80,818,106,12.95843520782396,87.04156479217605,2777504,241969,8.71174262935355,42
